Channel,Videos
HACKOVERSE EDU,53
Prabhat Ranjan,41
shiksha.com,37
Lovely Professional University - LPU,23
Chandigarh University - CU,21
Poornima University,21
JEE Buddy ,18
Harshal [BITS Pilani] - 10Q Challenge,16
Sahil Gohri,15
Boring Bing,13
Career Margdharshan ,13
Khushbu Mehar [IIT GANDHINAGAR],13
Manipal University Jaipur,13
Ganga Dhaba,13
Ravi Shroff [IIT Patna],12
SAGE University Indore,12
Vision Career Institute ,12
IIITIAN Ashok ,11
JECRC University,11
Bunty Verma,11
Education Ji,10
 Ayan Speaks [NIT CALICUT],10
Rajesh Pandita,10
Pehla Campus,9
College Dost Tamil,9
SRM Institute of Science and Technology,9
Sahil Panwar ,8
SAGE University Bhopal,8
Apna College,8
Colleges18,8
Collegedunia,8
College Khabri ,8
Ujjwal Kumar Sen Clips,7
AC Study Centre,7
IITian తెలుగు Vlogs,7
Ashoka University,7
Vibhu The Engineer,6
vidhyaa.in,6
Education Side,6
High Flyers[IIIT GUWAHATI],5
ALLEN Career Institute,5
Sachin Meena [NIT-NGL],5
Omi Vaish [IIIT-K],5
Sharda University Agra,5
BITS Pilani Work Integrated Learning Programmes ,5
Chandigarh University UP,5
JOCSAB COUNSELFIX ,5
Tauqeer Zakaria,5
Ankit-BITS PILANI,5
The Rankers Vision,5
Edu9 Career Guidance,5
Vishal Kumar Sharma,5
Mechenzi - Campus Tours,5
DB Academic Vlog,5
Suman Mpm,5
"Ganpat University, GUNI, Gujarat, India",5
Vinit Kumar [ IIT BOMBAY ],5
IIT Hyderabad,4
Neha Thalor,4
Sharda University,4
CampusLens,4
Kush Gupta NITP,4
Student Khabri,4
Sharda University Agra (SUA),4
BookEx,4
Shiksha Engineering,4
"Mechenzi - Placements, Colleges & Career",4
The IITian Club,4
COLLEGE TALKIES [NIAMT],4
Abhinav IIT Hyderabad,4
CAREERKICK JEE,4
Prince MNIT ,4
TRI-PATH ACADEMY,4
Aditya Katariya - [SAGE INDORE],4
Next Engineer 🎓,4
Amity University Lucknow Campus,4
CollegeTpoint by Counselling guruji,4
ItsHarsha,4
National Institute of Technology Meghalaya,3
Rahul [ IIT-PATNA ],3
khushi explains,3
Janak Kumar [IITJ],3
Rohit Das at NIT Raipur,3
Management Bing,3
Bodybuilder in [ IIT+UPSC ],3
Akash Gupta [ NITP ],3
Forever KIITIAN,3
GateWith_HARIS,3
Harsh Priyam Sir Fans🔥,3
Lohith Stories (IIT B),3
Flying Mannu ,3
Swarup Nit Silchar,3
Vaibhaw Siddharth,3
Hrithikkk Bennett ,3
Carishim,3
Mritunjay [MJK Sir],3
Prajwal Kamboj,3
Shivang [IIT'ian],3
𝐑𝐎𝐇𝐈𝐓 𝐆𝐎𝐋𝐀,3
SuperGrads IPMAT Coaching by Toprankers,3
Vipendra Singh [IIT INDORE],3
Admission Lelo International,3
A Mechanical Engineer,3
IIT nagar,3
Collegedunia MBA,3
TheGoatRealm,3
gov_ind IIT,3
ALLEN JEE,3
AJP Official,3
IITian Ashish,3
Harshit Singh [NIT TRICHY],3
Asim Vlogs,3
Anshika's Ambience,3
Bennett University (Times Group),3
Ritik Meghwani,3
Masih Alvi Vlogs,3
Anish Yadav Vlogs,3
College Option,3
College Drisya,3
The Confused Duck,3
Abhinav Dwivedi Allahabad University,3
Pratyush [IIT MANDI],3
Mera Mentor by Nikhil Parwani,3
AGT INFRASTRUCTURE PVT LTD,3
Sanjeev Gupta ,3
CU Uttar Pradesh,3
global,3
Soumya Ranjan,3
Kalinga University,3
Akash Jaiswal (IITB),3
Brilliant Pala - JEE Main & Adv,3
Inside IIT Patna,3
Dance Club NIT Durgapur,3
NITian ayush,3
Student Adda,3
College Insider Aqsa,3
College Setu,2
Garima Bangar [ IIT Bombay ],2
College Gyan24,2
Suraj Kumar [IIIT Delhi],2
EducationToday,2
Footloose Loli,2
Sanjay Chaudhary (Dreamz India Education),2
escapematrix.engineer,2
LPU Division of Admissions,2
Accurate Degrees,2
RV University,2
CollegeSearch,2
CUET PG : ContinueGroup,2
traveler bird,2
Wisdom Waves ࣪ ִֶָ☾.,2
SRM Editzz,2
Dewan Sumon,2
Proove-it,2
IITROORKEE-Campus,2
Aakash Institute,2
SPgyan {NITS},2
3GR SPECIAL,2
Abhi Garg,2
thisisalaska,2
ITM - GOI,2
D.K,2
Akshay ,2
IP Series,2
Eduvium,2
Nikhil Parwani,2
Ayush mahobe vlogs,2
SATHI IITDelhi,2
Priyanshu Chronicles,2
TeluguOne,2
BoringMentor,2
DAIICT Updates,2
jaisum Brahma [NIT Trichy],2
Kashika Khatri [IIT Indore],2
The family's lyf,2
SUDHIR TUTORIALS,2
Sayan Das [ IITG ],2
IIIT Hyderabad,2
Iamprachi,2
Banasthali girl 💞,2
Sakthi Rajan,2
10TV News Telugu,2
"SRM Institute Of Science And Technology, Ramapuram",2
Divyanshu gupta [IIT-Patna CSE],2
Sage Vibe Vlogs,2
SumanTV Warangal,2
Ayush Garg Classes,2
CHRIST University Kengeri Campus,2
"SRM University - AP, Andhra Pradesh",2
INPS CLASSES,2
DN Rao - NIT Silchar ,2
Benzene Guy,2
Vivek Dhakad ,2
SH Kriesun,2
Vellore Institute of Technology,2
Vaibhaw Siddharth 2.0,2
Traveling Scholar Nadim,2
College Compare,2
Campus Safari,2
Archana sivakumar,2
KIIT Knowledge,2
SnigdhaSikha,2
Kairo,2
Gulshaze,2
Pandit Deendayal Energy University - PDEU,2
Hypothetical BABA,2
Anushka Thakkar,2
Aditya66NAintr,2
Mentrr CUET UG,2
That’s Incredible..!!,2
Dagger Journey,2
Thapar Institute of Engineering & Technology,2
CUET 2026 by EduShield,2
IIT Ropar Vidya Vani,2
Galgotias University,2
KIIT University,2
ChemGyan,2
Fantastic,2
Career With Sivaji,2
Yatharth Gairola,2
Management Guy,2
THE ADMISSION GUIDE,2
CollegeKampus,2
PhD Hustler🧿,2
Digitally Analytical,2
Basit Raja Vlog ,2
Hemant Bhaiya Vlogs,2
Sarkari Naukri,2
SHIVANI SINGH Gallery,2
Mahatva Kaushik,2
University of Hyderabad,2
The OG Sharma,2
VIT BHOPAL Official,2
Jayadeep,2
Destinations_by_AP,2
Manohar Kumar,2
PONDICHERRY UNIVERSITY KARAIKAL CAMPUS (DMS),2
Samriddh Saxena,2
No more Goals,2
Saumya's trails [NIT JAIPUR],2
gul bansal,2
Rahul Meena [  IIT  INDORE ],2
Unfiltered Mr. Vidyarthi,2
Apna college wallah,2
College Insider ,2
Rahul Meena,2
College Disha,2
Rohit Thakur- MNIT,2
Raza Uncut ,2
shishant saraf,2
SumanTV,2
Lakshya at NIT Raipur,2
Suman(NIT-B)edition ,2
Search My College,2
Arjun Madhavan,2
Life of Shalini,2
A College Kid,2
Ankush Vlogs,2
Dheeraj Mourya,2
KUMAR AKASH[IIT PATNA],2
Nira Ushi,2
Exclusive Show Blaster,2
EduCounselling,2
Sanjay singh,2
Royal Parth Vlogs,2
Nikhil Malankar,2
SHOURYA AT NIT RAIPUR ,2
IIITians Vines (IIIT-J),2
Yours Media,2
Dial4college,2
Vishal NITian,2
Nickrnate,2
Sagar gal,2
AYUSH SAHARE,2
JEE Crisp,2
Dear MD,2
Harshita,2
iDream Campus,2
Aligarh Coaching Centre,2
Sastra Vibes,2
COUNSELLING JUNCTION,2
LifeLab By SciAstra,2
Sam Faculty Life,2
Guide Me Career,2
Gareeb professor ,2
Sid Academy,2
Ektu Dure,2
Honey Thakur,2
VIVEK YADAV [NIT-ALLAHABAAD],2
IIT Gandhinagar,2
NITian Diaries,2
Asad Mathematical Academy ,2
Subham G Vlogs ,2
SumanTV Education,2
Arsh Goyal,2
Rohan k Vlogs ,2
Sakshi Education,2
CollegeDekho,2
Periwinkle Pattnaik,2
"Obiettivo - Photography Club, NIT Silchar",1
Gauransh Jaroli,1
@Kittu  Singh Vlogs jii 💪💪,1
vlogs.nilansh,1
Ajay kumar Panda,1
PACIFIC MERCHANT NAVY ACADEMY,1
Zindagi Ki Baatein,1
Sumit Sharma 05,1
IIT Madras BS Insider,1
CACS IIT Madras,1
Banarasiya,1
Kumar On Journey,1
College Charcha,1
CSM classes ,1
Dil Se Weddings,1
let's Captured ,1
Its_disha😍,1
Ayush Yaduvanshi IITM,1
Aryan ,1
Sadie[NITP],1
Eklavya Bharat,1
Harshit Bansal,1
Nandini Agarwal,1
Mantasha Saifi,1
P D,1
Hyderabadi Connects!,1
Abhishek sharma[NITP],1
Amity University,1
Chandigarh Wala,1
Amazer,1
"Amity University, Punjab",1
I AM A VITIAN,1
Krishu Soni vlogs,1
Imran Vlogs,1
Rajeev [IIT MANDI],1
EKANSHI,1
IIT Jodhpur,1
ANTAR PANTAR [iitp],1
Karan Hansraj,1
Rent A Tent,1
FIDAN FURQAN,1
{ Ritik Gupta },1
JEE BrahMos,1
Sai Charan Malyala [NIT Warangal],1
The Social Class,1
Narendra (IIT MANDI),1
Gyan Portal,1
pro with propelld,1
Ravinder Kaushik,1
Telugu Infinity Hub,1
Wanshaba Nongrum,1
Er.Wahidi JEE,1
Jai Arora IIT Jodhpur - CBR,1
Get Admission,1
iHub - AWaDH @ IIT Ropar,1
JEE Yatra,1
Office of Alumni and Corporate Relations IIT Madras,1
Midas Engineering Admissions Guidance,1
GyanRoof: Engineering College Reviews,1
hmtv Telugu News,1
Mayank Yadav [ AIIMS ],1
Aditya 07 Vlogs,1
iScholar,1
Pathshala by Nova ,1
Kanak News,1
Better Study,1
NCC Limited,1
SK Amaravati Updates,1
Miss IITian,1
BITS-Pilani TechMedia,1
SgurrEnergy,1
Ankit Kumar [ NIT TRICHY ],1
Hostel Everyday,1
Sayyam Chandra,1
YoursArpita!,1
Divu Patel,1
Shenaz Treasury,1
Suresh Sahu,1
JEE Neeti - Rushi Kale,1
WADOOD CLINIC ,1
JammuBalak,1
Clinical Biochemistry by Dr. P. K. Prabhakar,1
Sandeep Meena Sage,1
Amarjeet Singh,1
Vansh Kumar Gautam,1
Three Octopus Media Factory,1
Mangal IiTian,1
Pranjali Tripathi ,1
LegalEdge CLAT Coaching by Toprankers,1
KIETian SUMIT,1
Dubke Chawal,1
Rahul Rawat [IIT Delhi],1
Department of Civil Engineering SUI,1
Getyourcollege,1
Elysium_IITBombay,1
"Symbiosis Institute of Technology, Nagpur",1
Unique Dev Vlogs,1
 food and engineering ,1
fly fitness,1
Vikash Kumar Vlogs,1
Reflected India,1
Civil Engineering PDEU,1
Surendra Singh NITK,1
COLLEGE WALLAh ,1
Prath1m,1
Jagrut Awaaz - Students ki awaaz,1
ItsVrushali,1
Avich Trails,1
Central Manufacturing Facility IITD,1
PMK Campus,1
The university and college updates ,1
ER,1
Academic Mentor,1
Kavach Khanna,1
Adii vlogs ,1
Pentau Steel Structures,1
Jindal Global University,1
Mohit mishra vlogs,1
KP Vlogs ,1
KAYRA ,1
koshish Zone,1
Shweta Kothari,1
Dev Dodiya Vlogs,1
Deeksha Karnataka,1
Study Champ,1
Vivek [IIT KGP],1
College Dost Telugu ,1
Sanchita Dutta,1
Akshat Doomra,1
Saikanth Krishna,1
Top & Best College Admission Guidance Expert,1
Elevated by Arjun,1
Sahil IIT GUWAHATI,1
IITians,1
Suhas Hegde,1
Prachee verma,1
Mahaa News,1
Fraternity of Young Innovators,1
"Symbiosis International University, Dubai",1
adarsh decode,1
Bratlin's View,1
SAM [ IIT ROORKEE ],1
Sage University Indore,1
Head-Hack,1
Antony Samayal,1
BB,1
Goonj - IIIT Lucknow,1
Zephyr- Dance Society of IIIT Lucknow,1
University Khojo,1
POV Ai News,1
Abhay Raj [ IITian ],1
Jab Geet Met,1
IIT Network,1
Ashutosh Banerji Vlogs,1
Vivaan Gupta [IIITP],1
Apka Siddharth,1
Southern Spotlight,1
Suprim-IITR,1
Symbiosis Institute of Technology,1
BonG Rahul ,1
NEWS9 Live,1
Sagar wanderlust ,1
V2 KPL,1
PlaceWithChand,1
Saurabh Dubey,1
abhipedia CUET,1
Lma Degree College,1
Everything For MBA,1
Life @ IIT Guwahati,1
Adarsh Kushwaha,1
Aditya Pushola,1
IIT Indore Digital Content,1
Life Around Swati,1
JCRC Education ,1
HonestReviewFacts,1
Sikindar Kumar,1
RDS Vlogs [IIT Guwahati],1
IIT INDORE,1
Unique,1
BroadMind Study Abroad Consultant,1
IIT Gandhinagar ,1
GEEKS GIRL,1
India Today,1
Sourav Paul,1
Praddyumn Shukla,1
Vidyanand [ IIT BOMBAY ],1
LPU Edu-Webinar,1
Dhannya prajapati ,1
Symbiosis Skills & Professional University,1
Asif Khan Art,1
DDverse [ IIT Bombay ],1
Aesthetic soul,1
Du study help,1
Amit Dwivedi ,1
Sai Charan Malyala [ Telugu ],1
EDUCAST Pondicherry University,1
PK SIR Motivator,1
Motion - NV Sir,1
Akrama Nasim,1
Nizam stories,1
Aryan Agrawal [IIT-BHUBANESWAR],1
AKASH UNFILTERED,1
Sharda World School,1
CCE IIT Mandi x Masai,1
Everything For BBA,1
Druti sharma 🎀,1
Admission Academy,1
Aryan Bhalla,1
Spoorthi Reddy,1
The Deshbhakt,1
NIT Trichy ,1
Urvashi Goswami,1
SHAZIA AFTAB (NIT TRICHY),1
"Amity University Punjab ""Official""",1
V Telugu by Jhansi,1
TV9 Telugu Live,1
Suryvanshi aditya ,1
Ranjan Yadav Nitian ,1
Travel with SHAHWEZ,1
Shubham Solanki Comedy,1
Digicobweb,1
way2vidyalaya ,1
R_Raman Nit Patna,1
Vibes with Raj | NIT Raipur CSE,1
Mihir Kathpal,1
surajit mali #NIT silchar,1
Anuj Bind Vlogs,1
Campus Chronicles,1
Asad Alam [IIT Ropar],1
Kurukshetra University,1
mahesh mahesh,1
Aayush [IIT ROPAR],1
NDTV India,1
Akash Roy,1
Open-Pathsala ,1
GEE Bangladesh,1
AmityUni,1
fun with ishh,1
saifvlogs06 ,1
Abhigyan,1
Republic World,1
Sunstone ,1
Career with Farooque,1
Ganga Ahuja,1
NIT Warangal,1
"MBA Christ (Deemed to be University), BGR Campus",1
Milan12,1
NEET Bhaiya,1
Sahil(IIT INDORE ),1
missgrappler,1
DEEPAK KUMAR [IIT Roorkee],1
Explore NIT Silchar with MSHossain,1
India Science,1
SIS Group Enterprises,1
Amity University Raipur,1
RAJA PAUL NITIAN,1
mystic,1
Vidya Live,1
MO,1
Diamond rocks,1
THiNC Institute English (Design & Architecture),1
Shivam Sartaz [ IISc ],1
IITian AG ,1
IIT Roorkee,1
Michezo Sports,1
DTales,1
Study in India,1
Priya Choudhary,1
NAYANA,1
f.y.i. arch,1
Reels of Learning ,1
LOCHAN( NIT Rourkela),1
NITiankoria,1
Chamomile Tea with Toppers,1
IITB Diaries ,1
Sagar Chauhan [IITB],1
AbhisheksonIITRPR,1
"Institute of Science, Nirma University",1
Daily Dose of Isha,1
Travel & Events,1
MANIPAL UNIVERSITY JAIPUR ,1
FITT IIT Delhi,1
Beastmine,1
Prateek Bansal [IIT Delhi],1
DD India,1
Dev Ki Duniya [ IIT Delhi ],1
Raj Patel,1
College Finder,1
SP Empire ,1
NATURE LOVERS,1
Alman [IIIT Bhopal],1
Harshit Saini,1
"Online Post Graduate Programs, IIT Kanpur",1
Prince Kumar [IIIT Guwahati],1
Study at Sharda University Shorts,1
Rider From Hills,1
IIIT Naya Raipur (Unofficial),1
Rishabh Jaiswal [ IIT JODHPUR],1
unfolding life,1
GATEASPIRANT [IIT Roorkee],1
GALGOTIAS COLLEGE,1
WEIRD_IITIAN,1
SME IIT JODHPUR,1
CUET by Gokul Chhabra,1
Symbiosis Statistical Institute,1
LeapScholar - Study Abroad Expert,1
Antish education,1
Abhijay Sharma,1
Rohan [ IIT Indore ],1
LearnwithGAURAV,1
Lenswontlie,1
Ravi Raj JNU Vlogs,1
Study at Sharda University,1
FIRST DESIGN CAREER,1
Pradish,1
Shruti,1
why BahRupiya ?!,1
Ria Barnes ,1
PAATHSHALAA,1
Tagi Academy - IITian Tagidul ,1
Devendra Sarthi,1
College Review Unfiltered,1
IIIT NAYA RAIPUR,1
Nitian Sameer,1
Syed Talha Mian,1
LPU School of Education,1
VITdiaries ,1
Ankana Dutta,1
NS Journey,1
Bachelors at Pondicherry University ,1
IITian-Vikas,1
rajdeep bhatt,1
Sagar Kumar [IIT-H],1
IITG Collez Diaries,1
IITG V,1
Abhinay resu,1
ShuklaVlogs,1
Durgam Vigyan Sansthan,1
"LIVE FROM VIT, VELLORE",1
Amar [VIT-V],1
Udaan Vidyapeeth,1
Chetan_iit_mandi,1
Rushi Kale Vlogs,1
dreaming _aastha,1
The Top Tier Duo,1
Shwatraj,1
RiseUp Learning- Satyam Tiwari,1
Wicky David,1
Dynamic Nitians,1
Merin Bency,1
CHANDAN SHARMA,1
Sani Times,1
Shailja Lodhi,1
GraDion,1
Minaz Hussain,1
Nitian Dheeraj ,1
Top Coaching,1
Clarified Devansh,1
Slammy Sicon,1
Amity Hyderabad,1
RTR Vlogs,1
NITian Savita (NIT Warangal),1
Vidushi Agarwal,1
 Aditya Singh ,1
MR KESAM,1
DU Buddy (Officially Backed by DU Udhmodaya),1
Alemari Ganesha,1
Without_edited,1
Hobby Explorer,1
Life with Krithika,1
Career Aashram,1
SHAKTI STUDIO,1
Monica Josan,1
Destiny's Calling ,1
Life in focus,1
Prashant Singh [ IIT Bombay ],1
Prabhat(NIT Warangal),1
Political Affairs,1
SumanTV Psychology Facts,1
The moon physics ,1
JEE_Insights,1
CollegeXplore,1
Admission Desk,1
CAMPUS MAN,1
Campus News,1
CAREER ALFA - JEE,1
Souvik,1
APNI PATHSHALA,1
Banking Technology Pondicherry University,1
A. Sharan,1
Yash Agarwal,1
Kary Talks,1
SAYANTH_P_K,1
OGcollege ,1
HacknStudy,1
Syed Aqib,1
nitianriya ,1
AAS - JEE ,1
Pranjal Singh (NIT JSR),1
Life at Nirma,1
Alok Nath,1
Dear Sir,1
Admission Junction,1
"Symbiosis Artificial Intelligence Institute, SAII",1
Bhumika Singh Vlogs,1
Appli,1
Harshita Agarwal,1
Anika Kanade,1
The PadhaiKar,1
RJ 19 Street Vlogger,1
Aman Jaxx,1
"Symbiosis Institute of Digital & Telecom Management (SIDTM), Pune",1
Neha [IIT Patna] ,1
IIIT Kottayam,1
Parash Vlogs,1
Dr. Yogesh Patel,1
Mody University,1
THATCHUBBYGIRL__,1
THE DREAM COLLEGE,1
JEE Sahi Hai,1
juaid's journey ,1
Self Grow,1
Bhuvii,1
Shabahat Unfiltered,1
Unlearn With Ajmal,1
NITian Manohar,1
Ajju Choudhary vlog,1
Nomadic Mehul,1
My EduLife,1
Anand Parasuram,1
Vidhigya CLAT Coaching ,1
Magic Movement,1
Aka Jimo Vlogs,1
IIT Bombay Official Channel,1
Sushant Kumar ,1
Skyward_IITian,1
Chandigarh Life ® (CHDLIFE),1
Dekho University,1
AdmissioN FacT,1
Crazy_jatt_from_ncr_16😎,1
Campus Circuit,1
Retired Nomad,1
Study9 Media,1
Ananya Gurukulam,1
Srm vibes,1
My World My Life,1
study4engineering,1
Awara IITian,1
 On TOP ,1
Brain Teaser Vlog,1
Jassi Sheoran,1
Abhishek [IITRPR],1
L For Campus,1
Kritika Chandna,1
Rishabh IRL,1
Pixxel IITP,1
News Nation,1
SIRT_CODER_BHOPAL SIRT COLLEGE BHOPAL ,1
Manohar Says,1
Anurag Nandish,1
WIN INDIA ,1
The Menta,1
Sunny Reengus Vlogs,1
Zack vlogs,1
Dhairya Jain,1
VectorX Academy,1
Bangladesh to Sharda University ,1
Indian Career Helpline,1
Eshwar Anugandula,1
Ashmeet Rahi NIT Jaipur,1
Aryan Kalokhe,1
Life of Piyu,1
SumanTV Tirupati,1
Aryan_NIT ALLAHABAD,1
"Placement Paglu,s",1
Rohit Shaw [IITD],1
Kota mini vlogger,1
Rahuram Chanthrakumar,1
Sahana [ NIT WARANGAL],1
classified Review ,1
Atul Shakti,1
SocialPost Academy,1
Ritz Ronnie Vlogs,1
Ayushee Kar,1
AISHWARYA BASLIYAL,1
Bajraxs,1
Aryan Bhandari,1
"Law Prep Tutorial - CLAT, AILET & Other Law Exams",1
The Insights Room ,1
Aryan Mahendru,1
hitesh kp,1
MG MHJN,1
Swathi Teja Vlogs ,1
Ismail Abilash,1
Himanshu Shekhar,1
RM Group of Education,1
JEE@Aakash ,1
Priyanka Mittal,1
Prragun [ BITS PILANI ],1
We Won Academy,1
JEE with Ajay ,1
Every Detail Education,1
Beyond The Deck • DP,1
IIT Education Learner,1
Aakash JEE,1
VKT Vlogs,1
ChemVerse-Abhishek,1
Journey Star 💫,1
The Engineer’s Life,1
normal route,1
People's University Bhopal,1
The As Vlogs,1
Alok Kumar Shah,1
Joydeep Deka,1
RKRJ7,1
Jatin Kamra,1
ExamLeap,1
himani chaudhary,1
Reethika Surisetty,1
Chitra Ojha,1
Mansi Kalonia ,1
Manish BCA Vlogger,1
Education Adda - Harsh Suri,1
The Civil GeoEngineer Australia,1
RS LEARNINGS TELUGU,1
The Achievement Diaries,1
Balwant singh official vlogs ,1
SocialPost UG PG Admissions,1
Aditya Prakash,1
Uniportal India,1
Shubham speaks,1
Bhavay Deshwal [IIT-DELHI],1
IIT JAMMU DIARIES ,1
Ryan Madhuwala,1
Safar with AK,1
TheVentures yt,1
Discover Braj,1
Manab Barman,1
Md Nadeem Reza,1
Naman Kaushik Vlogs,1
SumanTV Telugu,1
BIG TV Telugu Live,1
Prakriti Raj,1
Indian Squad vlogs,1
Hustler Chandan,1
Harshit Thriving,1
Nihal Kushwah (IIITNR),1
Kampus Katha,1
Bibek Sarma,1
Kripan Speaks,1
CH 32: IIT Madras 02: Bridge Courses,1
Aleem Vlogs,1
Harshita Purohit [NIT Warangal],1
TECHNOLUTIONS PROJECTS PVT. LTD,1
IIT MANDI ,1
Chemistry with Adarsh Singh (NITC),1
@adi_nitian,1
Mr. Lawman vlogs,1
Raushan k official ,1
Indian Institute of Technology Patna,1
Swasata Ghosh,1
Harshu Yadav vlogs,1
Freshers Gate,1
Shashank Jha,1
Kiran@IIITIAN,1
Squirrel IITM,1
EIFER - Sports Club of IIIT Lucknow,1
Ankit IIT Hyderabad ,1
Terra Mitra Realty,1
Campus life vlogs,1
RKG entertainment,1
povbyaman,1
A Pixel Perfect.,1
HANGER,1
BITS Law School,1
Xtion Hunt,1
LifeWidAbi,1
TAGORE EDUCONS,1
Vedantu Patashala 9 & 10,1
Pariksha tv,1
Travel With Nishu ,1
logesh100,1
Devesh Falaswal,1
IITian buddy,1
Anshika Jais | CUET & Careers ,1
Rakesh Sarma,1
SRM RMP MEDIA STUDIES ,1
LPU Journalism,1
Amity University Jharkhand,1
NITian Insiders,1
NIT Nagaland,1
Careers360,1
Vedantu JEE Made Ejee,1
Arjun's World,1
Its navneet,1
Apana Safar ,1
South Asian University,1
JustMitchie ,1
Pragatie_e,1
The law Latte,1
Smriti and Swapnil Vlogs,1
Labkafe,1
The Unknown Artist,1
Pixelbug NIT Trichy,1
College Day's,1
Shiv kailash Shukla,1
Mithun Das Vlogs,1
Architect_Anjali,1
Abhinandan Gaikwad [ IIT BHU ],1
Career kaptain by PW,1
Sakshi vedi,1
Sristi Saha ,1
Students Info,1
Broto Das,1
Revant choudhary ,1
CUET Hindi Medium,1
Career With Suman,1
arshadiiitian,1
IIIT NAGPUR,1
Sahil 4 Au,1
NIT Durgapur,1
arunachal digital news,1
College wale bhaiya - Sankalp Jauhari,1
Angel youth education ,1
Sandhya- College Review ,1
BatMan,1
ITM Raipur University,1
MNNIT [ NITIAN ],1
Sagar vlog [NIT Raipur],1
Lodha Genius,1
Khushi Unfiltered,1
BHARATHIYA VIDYA # SBR talks #,1
VISHAL PAL IIT GANDHINAGAR,1
Sanjay Vlogs,1
Unplugged Engineer,1
AkCollegeReview,1
Nitian Tanik  [MNIT JAIPUR],1
"School Siksha - CHS, JNV, Sainik Exam Preparation",1
The Explorer ,1
Instructor Anuj gymnast,1
Vicky Sahare vines..,1
Nitian Adi ,1
Midasala Bhanu,1
Jha Nishant Bharti,1
Yash Garg,1
Arjun kushwaha [DTU],1
Thatcandidkanyaa,1
Techtube Adarsh,1
Shutterbox IIITDMJ,1
SWAN LAB OUTREACH,1
Priyanshu[NIT KKR],1
Nanonerds,1
Mr Nag,1
Abhinav Arjun Vlogs,1
Harsh [ IIT G ],1
Anupam (NIT-B) ,1
Bros React,1
Brain Warrior,1
Shreyash Gupta,1
SumanTV News Telugu,1
Miss Engineer,1
SumanTV Rajahmundry,1
TECHxTalks,1
vaishu_uff,1
Vedantu Telugu JEE,1
Ph.D wali Himani,1
Yourpedia Education,1
Shutter.bugdeb,1
Engi's Paradise,1
IIITDM Kancheepuram,1
ARUN KUMAR ,1
Noob IITian,1
Maanvika's Daily Dose,1
commerce point,1
TSV Kota Shorts ,1
MentorShala - Priya Sharma,1
study with Abhi ,1
Btech_survivors,1
IBS Hyderabad,1
Rudra Gupta,1
Vlogwithlucky,1
Tanmay Gupta (NIT Jamshedpur),1
CrazyBro Reactions,1
Rama’s Lifestyle,1
Vagabond The Ultimate,1
ProgressMaths by DP Singh,1
Bezawada investors,1
Shafi Siddiqui Vlogs,1
Jana's Odyssey,1
Dr_Shivam_ Raj,1
Raghav Bagdi,1
Prathmesh Laad,1
Srikar Moto,1
ANIKET SHARMA [IITP],1
Aditya Anand,1
Astro Verse,1
HS,1
Travelman Vlogs,1
Manveen Kaur,1
SVETIndia,1
The ML Hub,1
IIM GOAL,1
Xplr With AP,1
Shiksha Nerd,1
Mahi Mittal,1
FutureU,1
ibnuber,1
Shakti by A.S.,1
Life Unfiltered,1
Naresh Kireedula,1
Hilly Hustler.,1
Social_kk,1
plugket,1
Eduport CUET,1
Best education consultant ,1
Sri Rathod,1
Nishant Raj Vlogs,1
VISTA PRODUCTION,1
Anushka Shukla VLOGS,1
"love, Aditi",1
Creative Consultancy,1
DeEpAk InSaNe Vlog,1
SAIL WITH ALI,1
Karishma Verma ,1
Jashan Jain,1
NITian Madhav,1
Where is Ansari,1
Electronics Lab DIY,1
SAM IITR,1
Shivam Sheth vlog ,1
Admishala,1
Samrita,1
Phodu Club,1
See With VISHAL 🤓,1
Shalini,1
Sonam's Journal,1
It's Vlog ,1
Admit Abode,1
Narendra Rahoriya,1
JUST SWATANTRA ,1
Dara Ji Vlogs,1
Bout Creation,1
ShineMoon ,1
