NGram,Frequency
lot love nepal,134
trichy trichy trichy,115
nepali brother sister,102
voice lot love,74
raising voice lot,71
copy paste message,61
justice prakriti lamsal,61
sure know mentor,58
starting love part,58
love part check,58
study resource guidance,58
support doe grow,58
lack financial mean,58
financial mean mentorship,58
mentorship building community,58
know support doe,58
know mentor corner,58
free study resource,58
together pardon copy,58
mean mentorship building,58
grow directly help,58
message want sure,58
paste message want,58
contribute donation check,58
provide free study,58
community wish starting,58
check making difference,58
check know support,58
resource guidance lack,58
part check making,58
